time,open,high,low,close,EMA,Volume,Index,Index
1502928000,4261.48,4485.39,3850,4139.98,NaN,2376.348404,NaN,NaN
1503187200,4120.98,4211.08,3400,4040,NaN,2125.51094,NaN,NaN
1503446400,4040,4453.91,4013.89,4280.68,NaN,2362.168058,NaN,NaN
1503705600,4280.71,4400,4124.54,4386.69,NaN,1182.642269,NaN,NaN
1503964800,4353.65,4745.42,4313.55,4724.89,NaN,1968.970601,NaN,NaN
1504224000,4689.89,4939.19,4286.87,4509.08,NaN,2181.031159,NaN,NaN
1504483200,4505,4662.87,3603,4619.77,NaN,3430.946497,NaN,NaN
1504742400,4619.77,4788.59,4028.93,4258.81,NaN,2291.467973,NaN,NaN
1505001600,4258.81,4394.59,3801,4163.72,NaN,2239.992659,NaN,NaN
1505260800,4159.72,4165.38,2817,3700,NaN,4547.35058,NaN,NaN
1505520000,3674.01,4123.2,3470.66,4035.01,NaN,3009.741618,NaN,NaN
1505779200,4060,4089.97,3567,3609.99,NaN,2624.921289,NaN,NaN
1506038400,3592.84,3817.19,3505.55,3660.02,NaN,2253.395606,NaN,NaN
1506297600,3660.02,4249.94,3653.69,4193,NaN,1882.893666,NaN,NaN
1506556800,4192.11,4380,3952.01,4378.51,NaN,3172.448073,NaN,NaN
1506816000,4378.49,4561.63,4180.8,4310,NaN,2465.044222,NaN,NaN
1507075200,4314.9,4417,4110,4369,NaN,2154.132915,NaN,NaN
1507334400,4369,4889.98,4312.56,4786.95,NaN,1462.522649,NaN,NaN
1507593600,4786.95,5439.99,4680.59,5430,NaN,3073.352651,NaN,NaN
1507852800,5439.99,5922.3,5379.84,5709.99,4365.3045,4194.110041,NaN,NaN
1508112000,5710,5788.91,5037.95,5512.06,4474.51930952381,5276.670211,NaN,NaN
1508371200,5513,6171,5490.26,6024.97,4622.181280045352,5519.00702,NaN,NaN
1508630400,6003.27,6080,5450,5477.03,4703.595443850556,5755.068698,NaN,NaN
1508889600,5506.92,5980,5286.98,5768.83,4805.046353960027,5659.485503,NaN,NaN
1509148800,5768.79,6248.68,5630.03,6120.5,4930.327653582882,4555.219628,NaN,NaN
1509408000,6120.52,7300,6100,7019.98,5129.342162765464,5691.000916,NaN,NaN
1509667200,7010.31,7590.25,6901,7345.01,5340.358147263992,4498.521689,NaN,NaN
1509926400,7345.1,7770.02,6651,7303,5527.276418953135,6025.577557,NaN,NaN
1510185600,7303.01,7392,6100,6245.05,5595.635807624265,7922.259274,NaN,NaN
1510444800,6245.05,6697.47,5325.01,6574.99,5688.9076354695735,8844.018639,NaN,NaN
1510704000,6575.99,7989,6575.99,7699.19,5880.3630987581855,8093.95852,NaN,NaN
1510963200,7680.01,8319.99,7422,8212,6102.4237560193105,11708.241269,NaN,NaN
1511222400,8212.49,8400,7801,8019.99,6285.0491125889,12183.432413,NaN,NaN
1511481600,8019.97,9350,7850,9128.02,6555.808244723291,12851.793031,NaN,NaN
1511740800,9128,11300.03,8520,9687.88,6854.100792844883,22791.375407,NaN,NaN
1512000000,9687.88,11190,8850.8,10890.01,7238.473098288227,20289.937719,NaN,NaN
1512259200,10902.69,11853,10500,11699.99,7663.379469879825,15518.016938,NaN,NaN
1512518400,11698,17204.99,11665.58,15880,8445.914758462699,31787.807643,NaN,NaN
1512777600,15880,17470,12368,16560.02,9218.686686228157,42289.446571,NaN,NaN
1513036800,16560.04,16976.45,14666.56,16340,9896.907001825475,33469.414703,NaN,NaN
1513296000,16339.99,19798.68,16300.06,18860.02,10750.53681117543,22562.240743,NaN,NaN
1513555200,18865,19300,14777.66,16488.98,11297.055210111104,37283.258467,NaN,NaN
1513814400,16480.52,17309.5,10961,13300,11487.81185676719,69542.02735,NaN,NaN
1514073600,13300,16050,11640,15689.01,11887.925965646506,59340.410699,NaN,NaN
1514332800,15709.98,16498.05,13150,14378.9,12125.161587965886,54749.730853,NaN,NaN
1514592000,14378.99,14398.85,11750,13716.36,12276.704293873896,30990.147757,NaN,NaN
1514764800,13715.65,15473.49,12750,14919.51,12528.400075409716,44593.675594,NaN,NaN
1515024000,14919.51,17176.24,13918.04,17069.79,12960.91340156117,63152.598207,NaN,NaN
1515283200,17069.79,17099.96,12812,14400,13097.969268079154,53408.739723,NaN,NaN
1515542400,14401,14968.68,11400,13740.01,13159.116004452568,67382.887543,NaN,NaN
1515801600,13749.95,14580,12569.2,13539.93,13195.384004028514,43891.497562,NaN,NaN
1516060800,13500,13542.93,9035,10961.97,12982.677908406751,184197.400758,NaN,NaN
1516320000,10960,13099,10360,11530,12844.327631415632,104278.006674,NaN,NaN
1516579200,11530,11926.35,9900.24,11349.99,12702.009761757,108385.117105,NaN,NaN
1516838400,11349.96,11794.05,10311.15,11491,12586.675498732524,72757.594488,NaN,NaN
1517097600,11499.98,12244,9900,10237.51,12362.945451234189,56612.090008,NaN,NaN
1517356800,10230,10425.85,8010.02,8873.03,12030.572551116647,101552.348091,NaN,NaN
1517616000,8873.03,9473.01,6625,6939.99,11545.755165296014,124141.623666,40,40
1517875200,6939.63,8476,6000.01,7784.02,11187.49467336306,162501.498122,8,8
1518134400,7789.9,9065.78,7726.53,8063.88,10890.007561614198,114887.951912,44,44
1518393600,8063.82,9489.6,8053,9449.99,10752.863031936657,118254.776313,42,42
1518652800,9449.98,11075.07,9301.5,11039.55,10780.166552704593,132470.911096,71,71
1518912000,11039.55,11786.01,10080,11200.99,10820.244976256537,150122.152147,63,63
1519171200,11195.07,11304.03,9570.19,10131.04,10754.606407089248,192376.687607,54,54
1519430400,10131.04,10496.97,9274.8,10324,10713.596273080748,104139.966641,31,31
1519689600,10321,11098,10121,10920,10733.253770882582,86598.922835,44,44
1519948800,10923.36,11565,10770,11515,10807.70579270329,62320.345942,47,47
1520208000,11515,11710,9389.31,9910,10722.210002922024,95307.474506,55,55
1520467200,9910,10099,8329,8770.22,10536.306193119926,142401.77749,39,39
1520726400,8770.22,9888.88,8450,9150,10404.27703187041,126747.730257,40,40
1520985600,9151.92,9333.78,7650,8260,10200.060171692276,140814.526278,40,40
1521244800,8260,8705.23,7322,8600,10047.673488673963,147895.522982,31,31
1521504000,8595.01,9177.01,8280,8722.9,9921.50458499073,125453.338346,37,37
1521763200,8720,8999.95,8269,8470.15,9783.280338801136,104459.246896,28,28
1522022400,8470.14,8514.89,7728,7949.3,9608.6155446296,107860.953552,31,31
1522281600,7949.3,7975,6600.1,6923.91,9352.929302283923,156795.486188,18,18
1522540800,6922,7520,6430,7405.21,9167.43222587593,113982.322346,16,16
1522800000,7405.21,7427.52,6500,6601.39,8923.047251982984,108711.927184,22,22
1523059200,6601.39,7185,6586.28,6782.72,8719.206561317938,87775.548638,20,20
1523318400,6781.55,8012.23,6656,7923,8643.377365001945,111186.195259,18,18
1523577600,7922.99,8429.54,7732,8355,8615.912854049378,114611.682123,23,23
1523836800,8355.07,8419,7825.4,8173,8573.730677473248,95785.717852,NaN,NaN
1524096000,8173.99,9035,8080,8915.31,8606.262041523414,107781.414858,25,25
1524355200,8915.31,9731.01,8727.68,9619.99,8702.807561378328,101565.158295,31,31
1524614400,9618.96,9759.82,8651.62,8915.35,8723.049698389916,161651.68887,64,64
1524873600,8915.35,9570.51,8870,9246.01,8772.8554414004,107911.51233,54,54
1525132800,9246.01,9844,8800.49,9750,8865.916827933695,105910.395882,56,56
1525392000,9750,10020,9417.03,9659.01,8941.44951098763,81361.958783,56,56
1525651200,9661.02,9689.67,8965,9310,8976.549557560236,84994.9968,56,56
1525910400,9310,9395.12,8153,8465.94,8927.920075887832,113523.432589,63,63
1526169600,8475.44,8879.99,8277,8462,8883.546735327087,91149.492031,40,40
1526428800,8462,8488,7911.9,8239.81,8822.238474819746,80046.22803,32,32
1526688000,8238.01,8609,8095.73,8381.24,8780.238620075008,58667.077871,31,31
1526947200,8386.89,8400.18,7266.99,7575.01,8665.454941972626,104465.042126,30,30
1527206400,7578.99,7649.55,7231.11,7338.99,8539.124947499044,64910.988226,25,25
1527465600,7338.99,7569,7032.95,7375.96,8428.347333451517,98667.862106,22,22
1527724800,7382.07,7699,7327.51,7640.03,8353.26949217042,85755.617172,25,25
1527984000,7636.81,7786.69,7358,7625,8283.910492916095,91486.487044,40,40
1528243200,7626.64,7765,7467.05,7603.44,8219.103779305038,75689.023771,42,42
1528502400,7603.44,7683.98,6610,6872,8090.8081812759865,106234.067511,39,39
1528761600,6872,6890.51,6118.68,6635.98,7952.25311639256,127385.860128,19,19
1529020800,6638.67,6666.66,6320.86,6449.61,7809.144248164696,72142.81874,26,26
1529280000,6444.06,6841.74,6380,6761.51,7709.369557863297,82486.128232,27,27
1529539200,6763.21,6795,5918.94,6149.98,7560.856266638221,104209.01347,37,37
1529798400,6149.98,6350,5750,6070.78,7418.944241244105,105987.754745,15,15
1530057600,6065.89,6300,5780,6197.92,7302.656218268476,83722.224402,18,18
1530316800,6197.92,6685,6186.03,6615.29,7237.192768909573,101713.031078,22,22
1530576000,6615.29,6784.92,6441.11,6529.2,7169.76488615628,97301.647366,31,31
1530835200,6529.2,6818.16,6425,6712.1,7126.177754141397,77993.919428,34,34
1531094400,6712.1,6802.06,6263,6378.07,7054.9293966041205,94008.577739,39,39
1531353600,6378.07,6380.28,6070,6251.99,6978.458977879918,75465.060633,33,33
1531612800,6250.9,7468.99,6225.4,7317.44,7010.742884748497,111289.512047,32,32
1531872000,7317.44,7700,7225.38,7337.53,7041.865467153402,146846.213334,42,42
1532131200,7337.47,7833,7211,7721.01,7106.545898853078,100803.055402,43,43
1532390400,7721.65,8491.77,7696,7920,7184.017718009928,151602.294555,49,49
1532649600,7920,8294.51,7805,8211,7281.825554389935,95417.405915,47,47
1532908800,8210.99,8273,7430,7604.58,7312.564073019465,130571.645061,53,53
1533168000,7600.08,7709.46,6926,7009.84,7283.733208922373,118623.608741,39,39
1533427200,7009.84,7160,6670,6720.06,7230.050046167861,111093.514926,23,23
1533686400,6720.63,6721.54,6026.39,6144.01,7126.6176608185415,170526.696332,23,23
1533945600,6148.13,6545,5971,6246.35,7042.78264550249,139597.01805,18,18
1534204800,6248.25,6609,5880,6311.75,6973.160488787967,167508.686735,16,16
1534464000,6316,6620,6285.4,6477.53,6925.9575850938745,156784.780969,19,19
1534723200,6477.53,6882.54,6220,6360.89,6872.141624608744,168914.894027,26,26
1534982400,6362.57,6789,6342.28,6733.64,6858.950993693626,97884.348076,18,18
1535241600,6733.64,7135,6568,7076.11,6879.632803818042,106207.293118,19,19
1535500800,7077,7133.81,6784.81,7011.21,6892.163965359181,128436.66265,19,19
1535760000,7011.21,7345.45,7008.74,7263.02,6927.483587705926,112534.272816,21,21
1536019200,7263,7410,6265,6516.01,6888.295626972028,159580.720375,26,26
1536278400,6516.84,6544,6111,6250.81,6827.582710117549,114175.244041,17,17
1536537600,6252.26,6404,6169.68,6338.62,6781.014832963497,96977.990961,15,15
1536796800,6338.62,6584.99,6337.4,6514.96,6755.676277443164,102882.058996,20,20
1537056000,6514.96,6533.84,6201,6336.45,6715.749965305719,96176.254305,28,28
1537315200,6336.39,6784.86,6123,6759.02,6719.870920990889,116012.448273,24,24
1537574400,6759.01,6839.03,6557,6581.39,6706.6822618488995,94941.66035,35,35
1537833600,6581.42,6750,6325.02,6689.13,6705.0106178632905,106872.999819,37,37
1538092800,6689.12,6814.8,6464.57,6626.57,6697.540082828691,100420.132742,42,42
1538352000,6626.57,6667.09,6430,6510,6679.6791225592915,77319.28612,35,35
1538611200,6510.01,6697,6505.09,6594.27,6671.544920410787,47110.358601,29,29
1538870400,6596.44,6715.6,6525,6656.61,6670.1225470383315,55885.030772,29,29
1539129600,6656.67,6659.95,6205,6298.01,6634.683256844205,93101.367829,28,28
1539388800,6298,7680,6285.07,6752.5,6645.903899049519,125473.512585,15,15
1539648000,6752.5,6900,6567,6618.96,6643.3378134257555,74315.911084,24,24
1539907200,6618.96,6663.9,6505.55,6590.11,6638.268497861398,46528.680809,24,24
1540166400,6590.12,6639,6515.45,6565.5,6631.338164731741,42021.838393,27,27
1540425600,6566.81,6600,6463.04,6505.6,6619.363101423956,27563.113264,25,25
1540684800,6505.6,6514.17,6315,6330.87,6591.887567955008,28448.33318,35,35
1540944000,6330.01,6460.34,6245.02,6433.98,6576.848751959294,30987.364736,32,32
1541203200,6432.8,6525,6345,6468.99,6566.576489867933,27241.518575,36,36
1541462400,6468.99,6615.15,6445.18,6479.84,6558.315871785272,39457.946098,42,42
1541721600,6479.84,6511.53,6355,6449.81,6547.981979234294,27715.953626,47,47
1541980800,6450.71,6498,5656.87,5922.41,6488.403695497695,68402.311503,52,52
1542240000,5917.2,5939.54,5403.42,5628.29,6406.488105450295,112833.873088,28,28
1542499200,5630.49,5738.17,4326,4558.86,6230.523523978838,211806.843793,26,26
1542758400,4559.91,4787.2,4222.94,4420.61,6058.1508074094245,144974.86894,15,15
1543017600,4415.63,4527,3652.66,3862.2,5849.012635275194,257890.837361,15,15
1543276800,3864.45,4450.38,3689.12,4295.84,5701.091431915652,233444.37383,11,11
1543536000,4295.72,4341.36,3943,4161.01,5554.417009828447,151510.674554,19,19
1543795200,4160.55,4179,3745,3769.84,5384.45729460669,141588.720224,17,17
1544054400,3768.44,3899.99,3222,3410.93,5196.502314167958,218890.204334,13,13
1544313600,3411.36,3658,3324.32,3380.39,5023.539236628152,122867.002003,14,14
1544572800,3379.23,3492,3177,3224.17,4852.170737901662,118456.832106,14,14
1544832000,3225.19,3585,3156.26,3509.08,4724.2573342919795,121186.601671,11,11
1545091200,3509.03,4120,3424.47,4049.62,4660.006159597505,257050.792257,23,23
1545350400,4051.86,4139.99,3764,3929.71,4590.454144397742,165283.732513,35,35
1545609600,3929.71,4198,3646.41,3777.74,4513.0527973122435,170002.814378,25,25
1545868800,3777.74,3892,3535,3695.32,4435.173483282506,128936.071802,29,29
1546128000,3696.71,3903.5,3630.33,3702.9,4365.433151541315,63214.147612,23,23
1546300800,3701.23,3882.14,3642,3766.78,4308.418565680237,88305.098761,24,24
1546560000,3767.2,4027.71,3703.57,3987.6,4277.864416567834,96564.029131,48,48
1546819200,3987.62,4069.8,3903,3966.65,4248.224948323279,99760.708897,39,39
1547078400,3966.06,3996.01,3465,3583.13,4184.88257229249,119740.811597,37,37
1547337600,3584.1,3671.87,3441.3,3553.06,4124.708993978919,95758.966128,21,21
1547596800,3553.06,3645,3530.39,3594.87,4074.2481374094987,79949.06757,24,24
1547856000,3594.87,3720,3475,3526.9,4022.119743370499,69717.95356,31,31
1548115200,3526.88,3608.5,3434.85,3569.62,3979.0245297161655,75101.536845,27,27
1548374400,3569.07,3662.94,3486,3550.84,3938.2450506955784,59820.477177,35,35
1548633600,3550.05,3557.75,3349.92,3458.18,3892.5245696769516,93918.300621,35,35
1548892800,3457.5,3526.4,3401.2,3504.77,3855.5955630410513,72788.468412,17,17
1549152000,3504.06,3511.09,3426,3471.59,3819.023604656189,68263.732528,19,19
1549411200,3471.57,3733.58,3373.1,3659.04,3803.787070879409,101943.841497,14,14
1549670400,3660.27,3684.99,3609.76,3631.05,3787.335921271846,72965.050924,42,42
1549929600,3631.05,3670,3568.11,3590.56,3768.595357341194,77007.097139,38,38
1550188800,3590.57,3700.11,3573.45,3667.58,3758.974847118223,66034.093429,43,43
1550448000,3667.62,3994.52,3655,3969.74,3779.0477188212494,150455.044009,63,63
1550707200,3969.74,4162.02,3901.03,4117.76,3811.306031314464,88704.991361,59,59
1550966400,4118,4198,3712.66,3809.23,3811.1083140464198,129165.901171,69,69
1551225600,3809.31,3888,3677.17,3823,3812.2408555658085,87237.52868,39,39
1551484800,3822.17,3841.31,3670.69,3715.3,3803.0083931309696,70906.845425,41,41
1551744000,3716.1,3907,3703.55,3873.64,3809.735212832782,84192.912653,35,35
1552003200,3873.63,3971.75,3800,3916.82,3819.933763991565,88897.675657,54,54
1552262400,3915.99,3936.98,3826.06,3866,3824.3210245637965,89448.903084,56,56
1552521600,3866,4056.98,3810.43,4005.98,3841.6218793672447,77357.186152,55,55
1552780800,4005.98,4037,3950.01,4015.53,3858.1845575227453,61162.475402,58,58
1553040000,4017.48,4069.32,3880.01,3986.93,3870.4460282348646,79452.588692,55,55
1553299200,3987.89,4018.83,3888.71,3936.12,3876.7006922124965,67675.345183,50,50
1553558400,3935.47,4048,3894,4027.81,3891.0920548589256,81803.387354,43,43
1553817600,4028.22,4140,4024.03,4103.95,3911.3642401104566,63118.597478,50,50
1554076800,4102.44,5275.01,4067,4932.6,4008.6247886713654,240780.832647,62,62
1554336000,4932.59,5205,4777,5043.89,4107.221475464568,142593.649287,61,61
1554595200,5042.07,5305,5026,5150,4206.533715896514,121860.929897,69,69
1554854400,5150,5422,4861.22,5048.01,4286.674314382561,128046.899771,62,62
1555113600,5047,5167.38,4950,5024.95,4356.986284441365,64631.256122,62,62
1555372800,5024.95,5287,5003.94,5258.44,4442.839019256473,70169.004628,50,50
1555632000,5258.44,5333.42,5165,5256.14,4520.296255517761,69329.715536,61,61
1555891200,5257.41,5600,5208.35,5415,4605.506135944641,119050.108639,61,61
1556150400,5415,5510,5102,5295.69,4671.2379325213415,113971.281396,58,58
1556409600,5295.69,5340,5178.8,5320.81,4733.101938947881,56527.637178,40,40
1556668800,5321.94,5844,5316.2,5772.69,4832.110325714749,86310.4339,51,51
1556928000,5770.62,5900,5587.45,5747.79,4919.317913741916,88761.549091,66,66
1557187200,5749.92,6224.55,5747.74,6209.18,5042.161921956971,90432.127378,69,69
1557446400,6209.95,7521.78,6172,6967.31,5225.509357961069,197595.010522,71,71
1557705600,6968.24,8366,6870,8169.87,5505.924657202872,200272.785147,78,78
1557964800,8169.08,8320,6913,7257.45,5672.736594612123,195437.466934,75,75
1558224000,7257.32,8275.09,7243.08,7904.87,5885.320728458587,183738.402869,70,70
1558483200,7904.48,8130,7461,7964.87,6083.373040033959,145449.964615,69,69
1558742400,7964.52,8908.32,7833.42,8756.32,6337.939417173582,129953.242177,69,69
1559001600,8752.52,9074.26,8005,8269.54,6521.901377442765,135731.415977,71,71
1559260800,8267.1,8814.78,8108.5,8725.98,6731.81362721012,104430.859042,61,61
1559520000,8726,8800.95,7481.02,7776.5,6831.307567475823,168516.5705,66,66
1559779200,7778.08,8100,7444.58,7893.62,6932.480180097173,93223.674039,34,34
1560038400,7895.28,8020,7506.66,7884.9,7023.186829611727,98659.543052,62,62
1560297600,7884.9,8684.41,7788.99,8650,7178.121417267753,111900.093218,60,60
1560556800,8650.88,9444,8567.63,9313.96,7381.534615623204,142976.372632,75,75
1560816000,9312.13,9590,8950,9517.12,7584.923699849566,118258.329878,83,83
1561075200,9518.06,11392.64,9518.06,10906.07,7901.223347482941,212099.187813,84,84
1561334400,10905.95,13970,10620.8,13093.8,8395.75445724647,260307.879319,80,80
1561593600,13098.38,13478.04,10525.1,11903.13,8729.790223222997,339332.09901,92,92
1561852800,11903.13,12180,9727,10842.85,8931.034011487474,285035.837442,78,78
1562112000,10844.98,12000,10796.44,10970.73,9125.29077229819,226862.472764,79,79
1562371200,10982.41,12338.03,10964.51,12238.6,9421.796413031696,142536.659145,72,72
1562630400,12238.6,13147.08,11000,11342.89,9604.757707028677,275194.636398,84,84
1562889600,11342.88,11885,10103,10174.18,9658.988401597375,183085.032065,33,33
1563148800,10174.18,11100,9060,9667.92,9659.839030016672,264084.542462,16,16
1563408000,9668.86,11068.99,9252,10740.23,9762.733408110322,184162.142233,40,40
1563667200,10740.27,10817.9,9822,9864.91,9772.464512099816,126926.613484,42,42
1563926400,9864.78,10175,9525,9824,9777.372653804596,108516.198322,20,20
1564185600,9824,10188.66,9165,9507.64,9751.68382963273,102232.738649,47,47
1564444800,9509.07,10467.86,9402,10374.99,9811.04632204866,113779.360422,22,22
1564704000,10375,11040,10281.35,10929.23,9917.540005663073,116717.508186,61,61
1564963200,10929.99,12330.7,10927.8,11975.03,10113.491433695162,211032.453941,64,64
1565222400,11975.04,12060,11270,11309.31,10227.378916200385,133267.49681,61,61
1565481600,11309.24,11600,10788.45,10892.71,10290.743781324158,77575.863665,45,45
1565740800,10893.36,10897.48,9750,10331.54,10294.629135483761,144384.441537,11,11
1566000000,10331.15,10930,10000,10915.54,10353.763503532928,90329.29559,20,20
1566259200,10914.73,10949.96,9762,10099.88,10329.584122244078,113713.650781,39,39
1566518400,10099.9,10445,9890,10142.69,10311.784682030357,81514.450415,33,33
1566777600,10142.69,10604,9601.01,9721,10255.519474217941,112200.842357,41,41
1567036800,9721,9724,9320,9587.47,10191.895714768612,79497.303088,20,20
1567296000,9588.74,10773,9520,10615.28,10232.218027647792,112284.029717,24,24
1567555200,10611.85,10905.87,10150,10298.73,10238.552501205146,136714.490624,43,43
1567814400,10298.71,10592.5,10068.5,10303.12,10244.701786804655,91458.277018,39,39
1568073600,10302.58,10448.81,9880,10415.01,10260.921616632782,95380.399542,41,41
1568332800,10415.01,10439,10153,10302.01,10264.834796001089,71949.527308,38,38
1568592000,10303.34,10355,10078,10156.99,10254.563863048605,76135.975523,38,38
1568851200,10156.41,10325,9653,9986.39,10229.023495139214,90458.948844,31,31
1569110400,9985.15,10089,7800,8493.14,10063.701257506907,147993.852815,37,37
1569369600,8497.55,8730,7750,8177.91,9884.102090125298,172597.670632,15,15
1569628800,8177.47,8337.26,7710,8289.34,9732.21998630384,121883.303813,32,32
1569888000,8289.97,8500,8060,8223.96,9588.576178084428,100204.088793,38,38
1570147200,8224.43,8232.41,7785,7854.25,9423.402256362102,83060.050017,30,30
1570406400,7855.3,8670,7762,8560.74,9341.243946232378,142693.434098,27,27
1570665600,8562.15,8779.51,8212.38,8300.09,9242.08642754358,110882.564683,41,41
1570924800,8301.98,8451.37,8090,8159.29,9138.962958253715,90424.465682,38,38
1571184000,8159.3,8181.16,7816.01,7947.01,9025.443628896219,95743.72454,40,40
1571443200,7946.89,8333,7866.92,8197.27,8946.569949953722,91363.021581,41,41
1571702400,8197.28,8297.99,7300,7412.41,8800.459478529558,131263.669026,39,39
1571961600,7412.41,10370,7361,9529.93,8869.932861526742,347170.345191,24,24
1572220800,9528.23,9902.1,9001.01,9154.72,8897.055446143242,199574.466203,52,52
1572480000,9154.02,9405,8913,9289.52,8934.433022701029,126893.899845,50,50
1572739200,9289.85,9513.68,9066.14,9308.66,8970.073687205693,119724.708221,56,56
1572998400,9307.73,9440.91,8696,8773.73,8951.374288424198,138560.930468,53,53
1573257600,8773.74,9147.19,8618.68,8733.27,8930.602451431418,108779.564747,38,38
1573516800,8733.36,8888,8567.6,8646.68,8903.562217961759,100645.21535,39,39
1573776000,8646.38,8790,8350.68,8502.4,8865.356292441591,93998.754585,38,38
1574035200,8502.87,8503.52,8003,8098.01,8792.27569316144,119039.982945,38,38
1574294400,8098.56,8134.73,6790,7311.57,8651.256103336542,235471.815275,30,30
1574553600,7311.1,7377.69,6515,7156.14,8508.864093494967,253258.33937,21,21
1574812800,7154.75,7850,6840,7739.68,8435.608465543066,210132.155472,20,20
1575072000,7740.99,7810,7151.1,7294.28,8326.910516443726,154089.031972,38,38
1575331200,7294.42,7750,7067,7389,8237.585705353848,175603.305484,28,28
1575590400,7389,7619.62,7305,7510.11,8168.302304843957,109544.669748,29,29
1575849600,7510.11,7650,7125.66,7210,8077.035418668343,126438.741577,32,32
1576108800,7210,7309.05,7012,7064.05,7980.560616890405,99460.460694,23,23
1576368000,7064.14,7200.3,6560,6623.82,7851.347224805604,124124.841125,21,21
1576627200,6623.84,7440,6435,7187.83,7788.155108157452,183277.769531,15,15
1576886400,7188.01,7695.38,7105,7317.09,7743.291764523408,126656.626381,23,23
1577145600,7317.3,7436.68,7128.86,7202,7691.740167902131,107381.299587,25,25
1577404800,7202,7528.45,7076.42,7388.24,7662.83539000669,91878.790145,38,38
1577664000,7388.43,7408.24,7145.01,7195.23,7618.301543339387,55560.365315,40,40
1577836800,7195.24,7405,6871.04,7344.96,7592.269015402302,117172.372548,37,37
1578096000,7345,7795.34,7272.21,7758,7608.052918697321,122954.755897,38,38
1578355200,7758.9,8455,7723.71,7817.76,7628.025021678528,268033.847131,40,40
1578614400,7817.74,8286.34,7672,8184.98,7681.06835294724,175348.304451,41,41
1578873600,8184.97,8916.48,8055.89,8821.41,7789.672319333217,236375.180031,49,49
1579132800,8820.01,9041.65,8586,8915.96,7896.937812730053,161183.558206,55,55
1579392000,8915.09,9198.98,8466,8736.03,7976.85135437481,146068.216664,53,53
1579651200,8736.04,8818,8238,8439,8020.865511101019,118934.031264,52,52
1579910400,8438.99,9000,8254.9,8907.57,8105.313557662827,110625.186092,41,41
1580169600,8907.57,9578,8862.4,9513.21,8239.39893312351,189075.663146,54,54
1580428800,9511.52,9530.22,9120,9331.51,8343.40951092127,119821.002246,55,55
1580688000,9331.59,9744.45,9093.01,9612.04,8464.231462262102,169070.724332,59,59
1580947200,9612.03,9940,9526.35,9895.05,8600.499894427616,152516.664886,61,61
1581206400,9895.04,10323.59,9700,10223.08,8755.031333053557,165403.955459,56,56
1581465600,10223.08,10500,10080,10344.36,8906.395968000837,187390.902862,61,61
1581724800,10344.36,10375,9452.67,9706,8982.548732953139,187942.214385,64,64
1581984000,9706,10250,9350,9596.42,9041.012663148078,185919.053828,53,53
1582243200,9597.21,9990,9550.21,9936.4,9126.287647610166,104520.40199,44,44
1582502400,9936.4,9990,8633.63,8785.25,9093.807871647294,202306.286154,46,46
1582761600,8786,8971.77,8445,8523.61,9039.50331244279,180386.970774,39,39
1583020800,8523.61,8965.75,8411,8760.07,9012.890616019668,159448.515415,39,39
1583280000,8760.07,9170,8660,9131.88,9024.222938303508,140681.296977,40,40
1583539200,9130.89,9188,7632.01,7929.87,8919.99884894127,239928.382959,38,38
1583798400,7929.87,8149,4410,4800,8527.618006184959,428231.4637,16,16
1584057600,4800.01,5955,3782.13,5361.3,8226.06391035782,679027.956272,10,10
1584316800,5360.33,5525,4442.12,5393.04,7956.25210937136,514494.483972,9,9
1584576000,5393.26,6900,5252.53,6186.98,7787.750003716945,547232.871316,12,12
1584835200,6187.04,6833,5688,6744.72,7688.41381288676,434928.21619,11,11
1585094400,6744.69,6957.96,6261,6359.11,7561.813449754687,298097.258554,13,13
1585353600,6359.11,6599,5857.76,6394.38,7450.629311682812,275360.871135,8,8
1585612800,6394.45,7198,6150.11,6794.09,7388.101758189211,319138.25453,12,12
1585872000,6793.86,7048,6602.1,6772.78,7329.499685980715,226756.495061,14,14
1586131200,6772.78,7459.69,6765,7361.28,7332.5263825539805,297696.315588,12,12
1586390400,7360.26,7371.92,6739.98,6876.83,7289.126727072649,211222.455293,22,22
1586649600,6876.84,7177,6575,6868.7,7249.086086399064,239352.766359,10,10
1586908800,6868.57,7190,6468.27,7027.55,7227.987411503915,240707.752296,18,18
1587168000,7026.78,7293.08,6751,6826.83,7189.781943741637,185302.898119,18,18
1587427200,6828.98,7738,6762,7482.39,7217.649377671005,224369.657703,17,17
1587686400,7483.96,7705,7388,7693.1,7262.9303893213855,154579.163874,20,20
1587945600,7693.1,8952.89,7606,8778.57,7407.277018909825,295290.979728,28,28
1588204800,8778.58,9460,8401,8972.05,7556.3030171088885,356748.116733,44,44
1588464000,8972.58,9200,8522,9021.83,7695.87701547947,251025.343316,45,45
1588723200,9021.36,10067,8906.21,9800.01,7896.270633052854,353763.710198,42,42
1588982400,9800.02,9914.25,8117,8561.52,7959.627715619248,434623.113427,56,56
1589241600,8562.04,9939,8528.78,9791.98,8134.137456988844,308554.431554,39,39
1589500800,9791.97,9888,9150,9680.04,8281.366270608954,244126.153701,44,44
1589760000,9681.11,9950,9326,9511.43,8398.515197217626,235470.102127,50,50
1590019200,9511.43,9578.47,8815,9179.15,8472.861368911186,211398.208959,49,49
1590278400,9179.01,9298,8642.72,8841.18,8507.939333776787,191513.547537,43,43
1590537600,8841,9625.47,8811.73,9427.07,8595.475587702807,200395.506137,39,39
1590796800,9426.6,10380,9331.23,10200.77,8748.36076982635,180648.185903,48,48
1591056000,10202.71,10228.99,9266,9789.06,8847.47498222384,212679.519059,56,56
1591315200,9788.14,9854.75,9372.46,9746.99,8933.143079154903,138493.849328,53,53
1591574400,9746.99,9992.72,9570,9885,9023.796119235389,133819.428396,53,53
1591833600,9885.22,9964,9113,9473.34,9066.609822165352,172297.836513,52,52
1592092800,9473.34,9589,8910.45,9525.59,9110.322220054366,168215.821024,40,40
1592352000,9526.97,9565,9215.79,9310.23,9129.361056239664,130759.34859,38,38
1592611200,9310.23,9780,9170.95,9685.69,9182.34476516922,112541.459961,38,38
1592870400,9685.69,9720,9009.69,9249.49,9188.739549438818,158434.124347,41,41
1593129600,9249.49,9298,8833,9116.35,9181.845306635121,127271.404811,40,40
1593388800,9116.16,9292,9024.67,9232,9186.621944098442,112071.984761,41,41
1593648000,9231.99,9261.96,8940,9135.46,9181.749377993829,101110.556737,42,42
1593907200,9135,9379.42,8893.03,9257.39,9188.95324675632,123124.122582,38,38
1594166400,9257.4,9470,9125,9288.34,9198.418651827147,142480.462432,44,44
1594425600,9288.34,9345,9157.5,9242.62,9202.628304034086,96174.137401,44,44
1594684800,9242.61,9279.54,9047.25,9133.72,9196.065608411793,128201.703365,43,43
1594944000,9133.72,9232.27,9089.81,9208.99,9197.296502848765,76660.919615,41,41
1595203200,9208.99,9544,9131,9518.16,9227.854931148882,144687.350675,44,44
1595462400,9518.16,9732.9,9440.33,9700.42,9272.861128182321,136466.915121,55,55
1595721600,9700.42,11394.86,9650,10906.27,9428.423877879242,312735.93665,55,55
1595980800,10906.27,11444,10812,11335.46,9610.046365700267,207696.581663,71,71
1596240000,11335.46,12123.46,10518.5,11219.81,9763.357188014528,239572.404205,75,75
1596499200,11219.68,11900,11000,11762.46,9953.747932013144,197128.455581,72,72
1596758400,11762.47,11909.94,11322,11681.68,10118.312890869036,149107.154404,77,77
1597017600,11681.69,12067.35,11125,11564.33,10256.028806024366,240610.236165,78,78
1597276800,11564.34,11980,11270.36,11852.4,10408.064157831568,186189.249249,75,75
1597536000,11852.4,12468,11686,11945.01,10554.439952323799,202026.283973,82,82
1597795200,11945.1,12020.08,11485.81,11531.34,10647.478052102484,184473.730099,80,80
1598054400,11531.23,11824.9,11376.81,11748.2,10752.30871380701,127791.098203,78,78
1598313600,11748.19,11767.85,11117.64,11330.38,10807.363122015866,186835.190886,75,75
1598572800,11330.38,11719,11276.89,11711.16,10893.439015157212,122105.586619,74,74
1598832000,11711.17,12050.85,11160.1,11388.54,10940.591489904144,220723.657014,75,75
1599091200,11388.54,11462.6,9825,10166.69,10866.886586103748,304685.310696,79,79
1599350400,10166.69,10438,9850,10126.65,10796.387863617678,192480.897909,41,41
1599609600,10126.66,10483.35,9981.01,10387.89,10757.483305177899,151431.121993,38,38
1599868800,10387.89,10750,10200,10671.77,10749.320133256195,146276.054322,41,41
1600128000,10671.77,11093,10606.48,10939.99,10767.479168184176,182415.579755,47,47
1600387200,10940,11179.79,10723,10920.28,10782.031628357112,124864.687698,49,49
1600646400,10920.28,10988.86,10136.82,10241.46,10730.548616132624,166551.234734,48,48
1600905600,10241.46,10820.94,10190.93,10728.6,10730.363033643804,134198.573094,39,39
1601164800,10728.59,10950,10594.82,10840.48,10740.850363772965,122519.633386,47,47
1601424000,10840.58,10920,10374,10570.4,10724.616995794588,150592.75392,49,49
1601683200,10570.4,10798,10496.46,10792.21,10731.054424766531,79535.984589,40,40
1601942400,10792.2,10950,10525,10925.57,10749.57971764591,133446.422322,47,47
1602201600,10925.44,11491,10829,11369.02,10808.57403025106,120931.961519,48,48
1602460800,11369.02,11720.01,11172,11417.89,10866.604122608102,136445.673434,52,52
1602720000,11417.89,11617.34,11200,11360.2,10913.613253788282,119927.382422,56,56
1602979200,11360.31,12038.38,11346.22,11909.99,11008.506277237017,132833.326546,55,55
1603238400,11910,13217.68,11886.95,12923.07,11190.84567940492,235010.280752,61,61
1603497600,12923.06,13350,12765,13052.19,11368.116567080642,135385.46156,73,73
1603756800,13052.15,13859.48,12888,13455.7,11566.934036882485,250109.717354,61,61
1604016000,13455.69,14100,13115,13761.5,11775.940319084153,174282.665922,74,74
1604275200,13761.49,14259,13195.05,14144.01,12001.470764885662,231699.040957,71,71
1604534400,14144.01,15960,14093.56,14818.3,12269.740215848931,367790.926921,72,72
1604793600,14818.3,15840,14703.88,15297.21,12558.070671482366,236205.432314,82,82
1605052800,15297.21,16480,15272.68,16320.7,12916.41632181738,256357.984064,86,86
1605312000,16320.04,16880,15670,16713.57,13278.05000545382,184013.864616,90,90
1605571200,16713.08,18476.93,16538,17802.82,13708.980481124885,357250.752244,86,86
1605830400,17802.81,18965.9,17610.86,18414.43,14157.118530541562,245646.214661,86,86
1606089600,18413.88,19484.21,18000,18719.11,14591.593908585222,289809.592221,90,90
1606348800,18718.83,18915.03,16188,17719.85,14889.523060148535,331212.97145,93,93
1606608000,17719.84,19888,17517,18764.96,15258.612292515341,298491.245843,89,89
1606867200,18764.96,19598,18330,18650.52,15581.651121799594,213884.072957,92,92
1607126400,18650.51,19420.91,18500,19166.9,15923.103395913919,121338.136727,93,93
1607385600,19166.9,19294.84,17650,18254.63,16145.153548684022,194103.176509,95,95
1607644800,18254.81,19411,17572.33,19174.99,16433.709401190306,178691.524435,89,89
1607904000,19174.99,21560,19000,21335.52,16900.548505838848,223397.902875,95,95
1608163200,21335.52,24171.47,21230,23821.61,17559.69721956848,350573.67574,92,92
1608422400,23821.6,24295,21815,23810.79,18155.039389133388,250898.46027,92,92
1608681600,23810.79,24789.86,22600,24712.47,18779.556590168304,267581.037554,93,93
1608940800,24712.47,28422,24500,27079.41,19570.018819676083,325983.842096,93,93
1609200000,27079.42,29300,25880,28923.63,20460.838932087885,240276.155584,91,91
1609459200,28923.63,34778.11,28624.57,33000.05,21655.049509984277,305134.365123,94,94
1609718400,33000.05,36939.21,28130,36769.36,23094.507651890537,384089.084038,94,94
1609977600,36769.36,41950,36300,40088.22,24712.95644694858,348401.637611,91,91
1610236800,40088.22,41350,30420,34051.24,25602.31678533443,501289.236442,94,94
1610496000,34049.15,40100,32380,36742.22,26663.259948635914,345729.225275,78,78
1610755200,36737.43,37950,33850,36631.27,27612.59423924202,237204.277642,84,84
1611014400,36622.46,37850,30071,30850.13,27920.930978361826,303983.807345,80,80
1611273600,30851.99,33826.53,28850,32259.9,28334.16612327975,265545.00969,40,40
1611532800,32259.45,34875,29241.72,30366.15,28527.688397253107,269383.395542,74,74
1611792000,30362.19,38531.9,29842.1,34262.88,29073.89712132424,409337.832583,55,55
1612051200,34262.89,35984.33,32171.67,35466.24,29682.69168119812,229517.217146,78,78
1612310400,35472.71,38708.27,35362.38,38290.24,30502.45818775068,239543.12394,78,78
1612569600,38289.32,46794.45,37351,46374.87,32014.11645558395,321710.679669,84,84
1612828800,46374.86,48678.9,43727,47969.51,33533.67774552834,302215.125366,95,95
1613088000,47968.66,49707.43,46125,48577.79,34966.45034119231,223373.608629,92,92
1613347200,48580.47,52618.74,45570.79,52119.71,36600.09411822161,253955.0609,93,93
1613606400,52117.67,57700.46,50710.2,55841.19,38432.57944029575,221366.030288,91,91
1613865600,55841.19,58352.8,44892.56,48891,39428.61949360091,361561.168506,91,91
1614124800,48891,52041.73,44106.78,46276.87,40080.83382754368,284615.083036,76,76
1614384000,46276.88,49790,43000,49587.03,40986.185843968095,234202.314982,56,56
1614643200,49595.76,52640,47047.6,48374.09,41689.795763590184,227906.692674,78,78
1614902400,48374.09,51450.03,46300,50971.75,42573.791405153024,177826.758646,77,77
1615161600,50959.11,57387.69,49274.67,55851.59,43838.343652281306,223393.335683,81,81
1615420800,55851.59,61844,54272.82,61188.39,45490.72901873071,238565.310252,73,73
1615680000,61188.38,61724.79,53271.34,56900.75,46577.3976836135,233359.174403,78,78
1615939200,56900.74,60129.97,54123.69,58030.01,47668.122666126495,189394.680477,71,71
1616198400,58030.01,59880,53650,54083.25,48279.08717411445,155623.038219,75,75
1616457600,54083.25,57200,50427.56,51293.78,48566.20077657974,230727.364986,66,66
1616716800,51293.78,56700.36,51214.6,55777.63,49253.00355976262,152969.637258,54,54
1616976000,55777.65,59800,54800.01,58740.55,50156.579411213796,183955.923186,72,72
1617235200,58739.46,60200,56880,57051.94,50813.28041966962,142183.015553,74,74
1617494400,57051.95,59495.24,56388,57991.15,51496.88704636775,149773.09849,74,74
1617753600,57990.03,58894.9,55473,58142.54,52129.80637528511,156343.437589,72,72
1618012800,58142.55,61500,57900.01,59860,52866.015291924625,167438.176625,70,70
1618272000,59860.01,64854,59805.15,63159.98,53846.3928831699,217114.733079,74,74
1618531200,63158.74,63520.61,50931.3,56150.01,54065.78498953467,275558.527836,78,78
1618790400,56150.01,57526.81,53329.96,53787.63,54039.294038150416,217958.281327,74,74
1619049600,53787.62,55521.48,47500,50047.84,53659.155558326565,286000.326039,65,65
1619308800,50047.84,55460,46930,55011.97,53787.995028962134,198630.481803,31,31
1619568000,55011.97,57963,52330.94,57694.27,54160.02121668003,176195.388515,59,59
1619827200,57697.25,58981.44,56035.25,57169.39,54446.627767472404,137063.161985,68,68
1620086400,57169.39,58360,52900,56393.68,54632.06131342741,232770.22125,68,68
1620345600,56393.68,59500,55241.63,58240.84,54975.75452167242,214058.773767,64,64
1620604800,58240.83,59500,48600,49631.32,54466.76075770362,253758.679636,72,72
1620864000,49537.15,51483,46000,46762.99,53733.06830458899,316851.655786,31,31
1621123200,46762.99,49795.89,42001,42849.78,52696.56465653289,397906.846295,20,20
1621382400,42849.78,43584.9,30000,37252.01,51225.654689244046,759465.728342,23,23
1621641600,37263.35,39920,31111.01,38796.29,50041.905671220804,505309.184253,12,12
1621900800,38810.99,40841,36419.62,38529.98,48945.531797771204,303324.160594,22,22
1622160000,38529.99,38877.83,33379,35641.27,47678.45924560252,321576.109376,21,21
1622419200,35641.26,38225,34153.84,37568.68,46715.62312697371,242982.771554,18,18
1622678400,37568.68,39476,34800,35513.2,45648.725686309546,237666.526746,24,24
1622937600,35516.07,36900,31000,33380.81,44480.35276380387,248476.348247,17,17
1623196800,33380.8,38491,32396.82,37331.98,43799.55535772732,324600.88776,14,14
1623456000,37331.98,41064.05,34600.36,40516.29,43486.863418896144,283160.967494,28,28
1623715200,40516.28,41330,37365,38092.97,42973.159283763176,247992.906894,38,38
1623974400,38092.97,38202.84,33336,35600.16,42270.96887578573,253818.663246,25,25
1624233600,35600.17,35750,28805,33678.07,41452.59755428233,499953.153484,23,23
1624492800,33675.07,35500,30151,32283.65,40579.364453874485,310507.309903,22,22
1624752000,32283.65,36600,31973.45,35911.73,40134.827839219775,269624.30825,22,22
1625011200,35911.72,36100,32699,33786.55,39530.22994977027,205032.645124,28,28
1625270400,33786.54,35967.85,33125.55,33690.14,38974.030906935004,150871.928675,24,24
1625529600,33690.15,35118.88,32077,32875.71,38393.23843960786,182154.598344,20,20
1625788800,32875.71,34666,32261.07,34258.99,37999.50049297854,113487.762815,20,20
1626048000,34259,34678.43,31550,32820.02,37506.216636504396,136085.588254,25,25
1626307200,32820.03,33185.25,31020,31520.07,36936.107433027784,134151.682639,20,20
1626566400,31520.07,32435,29278,29790.35,36255.55910607276,144298.233702,19,19
1626825600,29790.34,33650,29482.61,33634.09,36005.89538168488,179057.221187,10,10
1627084800,33634.1,40550,33401.14,37237.6,36123.20058342918,248282.991175,22,22
1627344000,37241.33,40900,36383,40016.48,36493.98909929307,243740.234739,32,32
1627603200,40018.49,42599,38313.23,39845.44,36813.17489936039,172405.762143,53,53
1627862400,39850.27,40480.01,37508.56,39723.18,37090.31824227845,160284.140237,48,48
1628121600,39723.17,44700,37332.7,44572.54,37802.910790632886,233494.437776,50,50
1628380800,44572.54,46700,42779,45584.99,38544.06119152499,197731.620964,74,74
1628640000,45585,47886,43770,47800,39425.57917328452,156240.381189,70,70
1628899200,47799.99,48144,45500,45901.29,40042.31353773361,140705.64437,76,76
1629158400,45901.3,47160,43927.7,46760.62,40682.15224842564,164550.511534,72,72
1629417600,46760.62,49757.04,46622.99,49239.22,41497.111081908915,140603.376607,70,70
1629676800,49239.22,50500,47126.28,48973.32,42209.13097886997,148132.967044,79,79
1629936000,48973.32,49352.84,46250,48895.35,42845.91374278712,118120.446525,75,75
1630195200,48895.35,49632.27,46700,47100.89,43251.149576807395,121586.161673,72,72
1630454400,47100.89,51000,46512,49999.14,43893.81533139716,163341.069975,71,71
1630713600,49998,52780,49370,52663.9,44729.06149031172,124459.162544,72,72
1630972800,52666.2,52920,42843.05,46395.14,44887.73563409155,238769.777939,79,79
1631232000,46395.14,47033,44132.29,46025.24,44996.06938322569,111582.9548,46,46
1631491200,46025.23,48500,43370,48121.41,45293.72087053753,153489.71329,44,44
1631750400,48121.4,48843.2,46699.56,48292.74,45579.341740010146,106093.48709,53,53
1632009600,48292.75,48372.83,39600,40734.38,45117.91681239013,192384.848418,53,53
1632268800,40734.09,45200,40565.39,42810.57,44898.169496924405,191162.058262,21,21
1632528000,42810.58,44350,40750,42147.35,44636.18668769351,123251.41337,28,28
1632787200,42147.35,44141.37,40753.88,43824.1,44558.84509838936,123265.02508,25,25
1633046400,43820.01,49228.08,43283.03,48200.01,44905.62270806657,127578.91224,27,27
1633305600,48200.01,55750,46891,55315,45896.99197396499,178799.706831,54,54
1633564800,55315,56100,53357,54949.72,46759.15654787309,156254.71564,76,76
1633824000,54949.72,57839.04,53879,55996.93,47638.944495694705,195642.287379,71,71
1634083200,55996.91,62933,54167.19,61672.42,48975.465972295206,181374.689723,70,70
1634342400,61672.42,62695.78,58963,62009.84,50216.83492731471,126365.57064,78,78
1634601600,62005.6,67000,61322.22,62193.15,51357.43636280855,173595.68797,75,75
1634860800,62193.15,63732.39,59510.63,60852.22,52261.701471112494,110963.24498,75,75
1635120000,60852.22,63710.63,58000,58413.44,52847.58133100654,139195.82905,72,72
1635379200,58413.44,62980,57820,61859.19,53705.82977567259,136508.38281,66,66
1635638400,61859.19,64270,59405,63219.99,54611.94027322758,130323.58876,74,74
1635897600,63220.57,63500,60382.76,60937.12,55214.338342443996,110871.51112,76,76
1636156800,60940.18,67789,60050,67525.83,56386.86135744933,105548.352064,71,71
1636416000,67525.82,69000,62822.9,64774.26,57185.66122816844,147070.862694,84,84
1636675200,64774.25,65550.51,62278,65519.1,57979.32206358097,92700.15546,74,74
1636934400,65519.11,66401.82,58373,60344.87,58204.612343239925,161573.91224,72,72
1637193600,60344.86,60976,55600,59707.51,58347.74545340755,146674.47667,54,54
1637452800,59707.52,60029.76,55317,57541.27,58270.938267368736,133544.39849,49,49
1637712000,57541.26,59398.9,53500,53726.53,57838.13748000028,147693.43552,42,42
1637971200,53723.72,58865.97,53256.64,57776.25,57832.24343428597,106005.99336,21,21
1638230400,57776.25,59176.99,55777.77,56480.34,57703.49072625874,131691.74826,40,40
1638489600,56484.26,57600,42000.3,49396.33,56912.332561853145,218711.884138,31,31
1638748800,49396.32,51936.33,47100,50471.19,56298.890413105226,135250.60918,16,16
1639008000,50471.19,50797.76,46751,49389.99,55640.89989757139,110815.45414,29,29
1639267200,49389.99,50777,45672.75,48343.28,54945.88847875507,116843.43959,27,27
1639526400,48336.95,49500,45456,46131.2,54106.39433792125,126683.53709,28,28
1639785600,46133.83,48300.01,45500,46914.16,53421.41963907161,90174.26545,24,24
1640044800,46914.17,51375,46630,50838.81,53175.45681630288,99910.6719,27,27
1640304000,50838.82,51810,49412,50775.49,52946.88854808356,73390.21735,41,41
1640563200,50775.48,52088,46096.99,46464.66,52329.53344826608,114131.79136,40,40
1640822400,46464.66,48548.26,45678,46216.93,51747.3807389074,65288.76533,22,22
1640995200,46216.93,47990,45696,46446.1,51242.49685901146,65607.00075,21,21
1641254400,46446.1,47557.54,42430.58,43082.31,50465.33620577227,126155.90522,23,23
1641513600,43082.3,43145.83,40501,41864.62,49646.2203766511,110513.63355,18,18
1641772800,41864.62,44322,39650,43902.66,49099.21462649386,121968.90028,23,23
1642032000,43902.65,44500,41725.95,43084.29,48526.36466206587,89487.8167,21,21
1642291200,43084.29,43475,41250,42352.12,47938.34136091674,77488.52141,21,21
1642550400,42352.12,43505,35440.45,36445.31,46843.766945591335,162876.953119,24,24
1642809600,36445.31,37550,32917.17,36660.35,45873.917712677874,226655.615712,13,13
1643068800,36660.35,38919.98,35507.01,37160.1,45044.03031147046,172083.44153,12,12
1643328000,37160.11,38720.74,36155.01,37881.76,44361.90932942565,89714.43165,24,24
1643587200,37881.75,39265.2,36586.95,36896.36,43650.904631385114,107224.37373,20,20
1643846400,36896.37,41913.69,36250,41382.59,43434.87466649129,129316.21031,20,20
1644105600,41382.6,45492,41116.56,44042.99,43492.79041253974,138346.08097,37,37
1644364800,44043,45821,41938.51,42373.73,43386.2132303931,141760.6269,54,54
1644624000,42373.73,43079.49,41550.56,42535.94,43305.23482749852,78299.06854,44,44
1644883200,42535.94,44751.4,40073.21,40515.7,43039.56484392723,113813.0634,46,46
1645142400,40515.71,40959.88,38000,38386.89,42596.4529540294,95327.26762,30,30
1645401600,38386.89,39494.35,36350,37250.01,42087.267910788505,159692.03549,25,25
1645660800,37250.02,40348.45,34322.28,39116.72,41804.35858595151,206412.12263,23,23
1645920000,39116.73,44949,37000,44421.2,42053.581577765646,181918.1845,26,26
1646179200,44421.2,45400,38550,39148.66,41776.9223798832,170687.946,52,52
1646438400,39148.65,39693.87,37155,37988,41416.07262941814,134034.51058,22,22
1646697600,37988.01,42594.06,37867.65,39422,41226.16095042593,194866.55054,21,21
1646956800,39422.01,40236.26,37578.51,37777.34,40897.70181229013,115841.93895,22,22
1647216000,37777.35,41718,37555,41114,40918.30163969107,181069.33907,23,23
1647475200,41114.01,42400,40135.04,42201.13,41040.4757692443,111664.57164,27,27
1647734400,42201.13,43361,40467.94,42364.13,41166.53807693532,129534.52639,31,31
1647993600,42364.13,45094.14,41751.47,44313.16,41466.21635532243,151638.43061,31,31
1648252800,44313.16,48189.84,44071.97,47122.21,42004.88241672029,123865.78952,51,51
1648512000,47122.21,48096.47,45200,45510.34,42338.735519889786,126364.61974,56,56
1648771200,45510.35,47444.11,44200,46407.35,42726.222613233615,126739.2785,50,50
1649030400,46407.36,47200,43121,43170.47,42768.53188816374,147683.95302,52,52
1649289600,43170.47,43970.62,42107.14,42753.97,42767.14504167196,97663.24406,34,34
1649548800,42753.96,43410.3,39200,40074.94,42510.74456151273,144082.55902,34,34
1649808000,40074.95,41561.31,39551.94,40551.9,42324.18793660675,102173.52481,25,25
1650067200,40551.9,41116.73,38536.51,40801.13,42179.13479978706,90037.43552,28,28
1650326400,40801.13,42976,39751,40480.01,42017.31339028353,135982.48541,27,27
1650585600,40480.01,40795.06,38929.62,39450.13,41772.819734066055,93659.05521,26,26
1650844800,39450.12,40797.31,37702.26,39235.72,41531.19118796453,186770.50856,23,23
1651104000,39235.72,40372.63,37578.2,37630.8,41159.725360539334,142861.51854,24,24
1651363200,37630.8,39167.34,37386.38,37728.95,40832.98485001178,132329.6209,22,22
1651622400,37728.95,40023.77,35258,36013.77,40374.01200715351,219734.85278,21,21
1651881600,36013.77,36146.3,30033.33,30076.31,39393.2784826627,298604.276688,23,23
1652140800,30074.23,32658.99,26700,29029.75,38406.27577002816,577103.005526,10,10
1652400000,29029.74,31460,28630,31328.89,37732.23903002548,195243.91732,10,10
1652659200,31328.89,31328.9,28654.47,28715.32,36873.48483668972,189555.48764,14,14
1652918400,28715.33,30777.33,28691.38,29445.06,36166.01580462403,149381.74864,13,13
1653177600,29445.07,30670.51,28669,29654.58,35545.87906132651,159503.44716,14,14
1653436800,29654.58,30223.74,28019.56,28629.8,34887.2048650097,245117.56132,11,11
1653696000,28629.81,32222,28450,31734.22,34586.92059215163,158832.64651,13,13
1653955200,31734.23,32399,29301,30452.62,34193.177678613385,222790.17942,16,16
1654214400,30452.63,30699,29282.36,29919.21,33786.13313779306,102825.2765,10,10
1654473600,29919.2,31765.64,29218.96,30204.77,33445.05093419372,248054.0539,13,13
1654732800,30204.77,30700,28099.99,28424.7,32966.92227379432,188396.83525,11,11
1654992000,28424.71,28544.96,20846,22136.41,31935.444914385338,534287.280485,14,14
1655251200,22136.42,22995.73,20111.62,20468.81,30843.38444634864,387142.424387,7,7
1655510400,20468.81,21090,17622,20573.89,29865.337356220196,433791.473014,6,6
1655769600,20573.9,21723,19770.51,21110.13,29031.508084199224,279632.14144,9,9
1656028800,21110.12,21888,20736.72,21038.07,28270.228266656442,182140.1488,11,11
1656288000,21038.08,21539.85,19854.92,20123.01,27494.302717451068,205585.12829,12,12
1656547200,20123,20918.35,18626,19252.81,26709.398649122395,251871.5451,11,11
1656806400,19252.82,20750,18781,20175.83,26087.154015872642,221942.64988,11,11
1657065600,20175.84,22527.37,19761.25,21594.75,25659.306014360962,570535.7369,18,18
1657324800,21594.75,21980,19875.23,19963.61,25116.858774898014,508141.46748,24,24
1657584000,19963.61,20900,18910.94,20588.84,24685.61889157439,523565.92446,16,16
1657843200,20588.84,21684.54,20382.29,20798.16,24315.38471142445,382584.43133,15,15
1658102400,20799.58,24276.74,20762.45,23223.3,24211.37664366974,742475.668,20,20
1658361600,23223.3,23756.49,21934.57,22451.07,24043.72839189167,478553.89532,34,34
1658620800,22448.58,23014.64,20706.5,21254.67,23778.103783140083,473351.68246,30,30
1658880000,21254.67,24442.66,21042.53,23773.75,23777.68913712674,645298.77829,28,28
1659139200,23777.28,24668,22850,23268.01,23729.148266924196,423013.61913,42,42
1659398400,23266.9,23647.68,22400,22622.98,23623.798908169512,458876.76236,31,31
1659657600,22622.41,23472.86,22586.95,23174.39,23580.998059772417,348053.50933,31,31
1659916800,23174.39,24245,22664.69,23954.05,23616.52681598457,523057.49963,30,30
1660176000,23954.05,24918.54,23583,24441.38,23695.084262081276,576819.62032,41,41
1660435200,24443.06,25211.32,23671.22,23854.74,23710.28957045449,573070.64052,47,47
1660694400,23856.15,24446.71,20783.57,20834.39,23436.394373268347,638850.53524,41,41
1660953600,20834.39,21800,20761.9,21399.83,23242.435861528505,564464.41299,29,29
1661212800,21400.75,21900,20890.14,21559.04,23082.112446144838,545266.77511,28,28
1661472000,21559.04,21886.77,19520,19555.61,22746.25507032152,575702.03963,27,27
1661731200,19555.61,20576.25,19540,20050.02,22489.470777909948,744090.45839,24,24
1661990400,20048.44,20441.26,19565.66,19831.9,22236.368799061383,637915.5811,20,20
1662249600,19832.45,20180,18649.51,18790.61,21908.20129438887,724446.84668,20,20
1662508800,18790.61,21597.22,18510.77,21360.11,21856.00212349469,979127.80805,24,24
1662768000,21361.62,22488,21111.13,22395.74,21907.405730780913,984095.50481,28,28
1663027200,22395.44,22799,19497,19701.88,21697.35566118273,1105811.1956,34,34
1663286400,19701.88,20189,19320.01,19416.18,21480.100836308186,717358.78306,20,20
1663545600,19417.45,19956,18125.98,18461.36,21192.60170904074,1089644.83187,21,21
1663804800,18461.36,19550.17,18356.39,18920.5,20976.21107008448,1004705.20686,22,22
1664064000,18921.99,20385.86,18629.2,19079.13,20795.536682457387,1223691.41024,24,24
1664323200,19078.1,20185,18471.28,19422.61,20664.781760318587,1372133.34143,20,20
1664582400,19422.61,19719.1,18920.35,19629.08,20566.1434974311,666023.36203,20,20
1664841600,19629.08,20475,19490.6,19960.67,20508.479354818617,959373.92371,20,20
1665100800,19960.67,20068.82,19237.14,19439.02,20406.62608293113,437255.76436,23,23
1665360000,19439.96,19525,18860,19155.53,20287.474075032926,669809.20866,22,22
1665619200,19155.1,19951.87,18190,19069.39,20171.466067886933,865238.6517,20,20
1665878400,19068.4,19706.66,19063.74,19327.44,20091.08263285008,615021.57367,24,24
1666137600,19327.44,19360.16,18650,19164.37,20002.824286864357,678978.18375,23,23
1666396800,19164.37,19695,19070.11,19329.72,19938.7191166868,533629.25488,20,20
1666656000,19330.6,21020,19237,20295.11,19972.66110557377,1035506.94428,20,20
1666915200,20295.11,21085,20000.09,20627.48,20035.02480980484,734717.3321,30,30
1667174400,20627.48,20845.92,20048.04,20151.84,20046.150066013903,957216.32698,31,31
1667433600,20151.84,21480.65,20031.24,21299.37,20165.50434544115,1018501.5313,30,30
1667692800,21299.37,21365.27,17166.83,18547.23,20011.382979208658,1377719.938323,40,40
1667952000,18545.38,18587.76,15588,17070.31,19731.280790712597,1733928.158969,29,29
1668211200,17069.98,17190,15815.21,16619.46,19434.916905882827,732991.52631,21,21
1668470400,16617.72,17134.69,16378.61,16692.56,19173.74005770351,771994.23073,22,22
1668729600,16692.56,17011,16180,16280.23,18898.167671255556,474029.4722,23,23
1668988800,16279.5,16706,15476,16603.11,18679.590750183597,828572.768063,21,21
1669248000,16603.11,16812.63,16342.81,16458.57,18468.064964451827,570460.23545,20,20
1669507200,16457.61,16600,15995.27,16442.53,18275.156872599273,662827.12983,26,26
1669766400,16442.91,17324,16428.3,17092.74,18162.545741875532,738210.19557,29,29
1670025600,17092.13,17424.25,16858.74,16966.35,18048.622337887387,566864.99918,27,27
1670284800,16966.35,17299,16678.83,17224.1,17970.09640094573,675806.16021,25,25
1670544000,17224.1,17360,17058.21,17085.05,17885.806267522326,534282.52273,26,26
1670803200,17085.05,18387.95,16871.85,17803.15,17877.934242044008,777371.63293,27,27
1671062400,17804.01,17854.82,16527.32,16776.52,17773.037647563626,621906.67682,31,31
1671321600,16777.54,17061.27,16256.3,16895.56,17689.46834779566,540522.52275,26,26
1671580800,16896.15,16955.14,16559.85,16778.5,17602.709457529407,494467.24544,26,26
1671840000,16778.52,16944.52,16721,16919.39,17537.631413955176,350229.36954,29,29
1672099200,16919.39,16972.83,16465.33,16633.47,17451.520803102303,527785.62351,27,27
1672358400,16633.47,16677.35,16333,16542.4,17364.937869473513,279406.74038,28,28
1672531200,16541.77,16799.23,16499.01,16675.18,17299.24664380937,378355.52298,26,26
1672790400,16675.65,17041,16652.66,16950.65,17266.046963446573,591237.03918,29,29
1673049600,16950.31,17398.8,16908,17178.26,17257.686300261186,505893.99298,25,25
1673308800,17179.04,19117.04,17146.34,18846.62,17409.01331928393,938172.35412,26,26
1673568000,18846.62,21258,18714.12,20871.5,17738.773955542605,941071.85323,31,31
1673827200,20872.99,21650,20407.15,20677.47,18018.649769300453,919401.8462,45,45
1674086400,20677.47,23371.8,20659.19,22783.55,18472.44979127184,935910.47016,45,45
1674345600,22783.35,23180,22292.37,22632.89,18868.682192103093,840324.91478,53,53
1674604800,22631.94,23816.73,22300,23074.16,19269.203888093274,915801.13119,51,51
1674864000,23074.16,23960.54,22500,22826.15,19607.96066065582,746210.39759,52,52
1675123200,22827.38,24255,22714.77,23488.94,19977.57774059336,939616.97931,51,51
1675382400,23489.33,23715.7,22743,22932.91,20259.037955774944,707948.84116,60,60
1675641600,22932.91,23452,22628.13,22963,20516.558150463043,853434.63889,56,56
1675900800,22961.85,23011.39,21451,21862.55,20644.747850418942,918508.2223,55,55
1676160000,21862.02,22319.08,21351.07,22199.84,20792.851864664757,862124.82063,50,50
1676419200,22199.84,25250,22047.28,24569.97,21152.577401363353,1322563.04417,53,53
1676678400,24568.24,25192,23840.83,24842.2,21503.97002980494,864251.81752,60,60
1676937600,24843.89,25250,23574.69,23940.2,21735.99193172828,1153827.0367,60,60
1677196800,23940.2,24132.35,22722,23554.85,21909.21650965892,737218.12086,53,53
1677456000,23554.85,24000,23020.03,23628.97,22073.00255635807,863134.50221,50,50
1677715200,23629.76,23796.93,21971.13,22346.57,22099.056598609684,680527.03136,51,51
1677974400,22346.57,22662.09,21927,22197.96,22108.475970170668,651113.39655,47,47
1678233600,22198.56,22287,19549.09,20150.69,21922.02016348775,1363575.32566,50,50
1678492800,20150.69,24500,19765.03,24113.48,22130.730624107964,1546666.0768,33,33
1678752000,24112.27,26386.87,23896.95,24998.78,22403.87818371673,1720232.99405,56,56
1679011200,24998.78,28390.1,24890,27972.87,22934.25835669609,1367766.64319,51,51
1679270400,27972.87,28868.05,26601.8,27250.97,23345.37375129646,1122421.38889,66,66
1679529600,27250.97,28750,27000,27462.95,23737.523870220608,265735.75464,57,57
1679788800,27462.96,28194.4,26508.14,27261.07,24073.09969210436,216313.61592,64,64
1680048000,27261.06,29184.68,27240.1,28465.36,24491.41019761823,266549.71403,57,57
1680307200,28465.36,28819.71,27200.24,27800,24806.513988321254,146784.1185,61,61
1680566400,27800,28775,27662.79,28033.82,25113.87646562399,150579.15386,62,62
1680825600,28033.83,28530,27766.94,28323.76,25419.579659374085,76773.22223,64,64
1681084800,28323.76,30550,28170,29888.07,25845.150168005126,197793.62292,62,62
1681344000,29888.07,31000,29854.59,30295.09,26268.95396152845,153348.1243,61,61
1681603200,30295.1,30549.99,29096.78,30380.01,26660.48310804955,144878.69883,68,68
1681862400,30380.01,30413.53,27125,27262.84,26717.85043109245,241139.34818,63,63
1682121600,27262.84,28000,26942.82,27510.93,26793.381818607457,123947.36141,53,53
1682380800,27510.93,30036,27192,29472.77,27048.561645406746,276984.37471,53,53
1682640000,29472.77,29969.39,28891,29233.21,27256.623393463247,114517.53356,64,64
1682899200,29233.2,29337.34,27666.95,29026.16,27425.15068932389,179873.97411,63,63
1683158400,29026.16,29820,28300,28848.2,27560.67919510257,150240.59008,64,64
1683417600,28848.19,29138.29,27262,27628.27,27567.116414616612,138361.08276,64,64
1683676800,27628.28,28331.42,25811.46,26795.01,27493.58247036741,185998.36214,52,52
1683936000,26795.01,27663.59,26560.53,27162.14,27462.01652080861,84839.79114,48,48
1684195200,27162.15,27500,26361.2,26821.28,27400.993995017314,125428.08379,54,54
1684454400,26821.28,27277.55,26630,26747.78,27338.783138348997,64536.55541,48,48
1684713600,26747.78,27495.83,26080.5,26329.01,27242.614268030044,119552.74256,49,49
1684972800,26329,26932.16,25871.89,26854.27,27205.62909964623,87592.32278,51,51
1685232000,26854.28,28447.14,26764.36,27694.4,27252.178709203734,118988.18171,50,50
1685491200,27694.39,27835.51,26505,27242.59,27251.26549880338,122187.51722,51,51
1685750400,27242.59,27455.02,25388,25728.2,27106.211641774487,101659.35471,53,53
1686009600,25728.2,27391.77,25351.02,26498.61,27048.344818748345,159087.55885,44,44
1686268800,26498.62,26783.33,25358,25925.55,26941.41197886755,122893.60673,50,50
1686528000,25925.54,26433.21,24820.56,25128.6,26768.7632189754,116043.43354,47,47
1686787200,25128.6,26839.99,24800,26516.99,26744.78481716822,128103.99675,41,41
1687046400,26516.99,28402.74,26255.85,28307.99,26893.661501247436,127077.92521,49,49
1687305600,28308,31431.94,28257.99,30688.5,27255.074691604823,241912.86507,59,59
1687564800,30688.51,31046.01,29930,30267.99,27542.01900669008,105917.16425,62,62
1687824000,30267.99,30994.97,29858.8,30447.31,27818.71338700531,119493.78997,59,59
1688083200,30447.31,31282,29500,30617.03,28085.219731100042,130207.23712,56,56
1688342400,30617.02,31380,30200,30504.81,28315.656899566704,110183.43376,62,62
1688601600,30504.8,31500,29701.02,30284.63,28503.17814722702,118484.75547,56,56
1688860800,30284.63,31045.78,29950,30622.1,28704.980228443495,85128.21159,55,55
1689120000,30622.1,31804.2,29900,30312.01,28858.03068287745,169630.99929,64,64
1689379200,30312,30441.46,29659.2,30138,28979.932522603405,60761.44978,56,56
1689638400,30138.01,30417.46,29512,29800,29058.034187117366,93201.9034,56,56
1689897600,29800,30350,29625.1,30083.75,29155.721407391902,56834.59969,50,50
1690156800,30083.75,30099.58,28861.9,29351.96,29174.410797164102,95126.37837,55,55
1690416000,29351.95,29567.49,29083.85,29352.9,29191.40976886276,57321.46097,51,51
1690675200,29352.9,29739.25,28585.7,29705.99,29240.417409923448,83032.11567,52,52
1690934400,29705.99,30047.5,28807.54,29113.99,29228.376704216455,98210.52352,53,53
1691193600,29114,29276.78,28701.03,29211.06,29226.727494291077,55790.59484,50,50
1691452800,29211.06,30244,29146.45,29455.75,29248.539161501452,107167.8749,54,54
1691712000,29455.76,29564.52,29252.45,29303.84,29253.805908025122,40710.23445,51,51
1691971200,29303.85,29695.32,28723.08,28730.51,29203.96820249892,91943.69077,50,50
1692230400,28730.51,28783.48,25166,26100.01,28908.35313559426,196222.95087,50,50
1692489600,26100.01,26299,25300,26056,28636.700456013856,83571.2213,37,37
1692748800,26055.99,26819.27,25777.15,26060.01,28391.30136496492,101982.25866,37,37
1693008000,26060,26253.99,25864.5,26120,28174.986949253973,44814.49193,38,38
1693267200,26120,28142.85,25655.01,25940.78,27962.205335039307,160733.05737,39,39
1693526400,25940.77,26156,25333.75,25971.21,27772.58673170223,74757.40421,40,40
1693785600,25971.21,26108.02,25372.51,25759.95,27580.907042968687,70363.51332,40,40
1694044800,25759.95,26445.5,25615.38,25901.61,27420.973991257382,67667.88315,41,41
1694304000,25901.6,26567,24901,25840.1,27270.414563518585,116854.97451,40,40
1694563200,25840.1,26888,25764.17,26600,27206.565557469195,96171.29372,41,41
1694822400,26599.99,27409,26377.35,26762.51,27164.27455199594,69959.46884,43,43
1695081600,26762.5,27483.57,26377.7,26568.08,27107.494118472518,104874.56716,46,46
1695340800,26568.08,26743.38,26122.08,26248.38,27025.67372623704,43345.58951,43,43
1695600000,26248.39,26850,25990.46,26372.99,26963.513371357323,79533.13434,47,47
1695859200,26373,27308.48,26342.4,26962.56,26963.422574085198,85801.22017,46,46
1696118400,26962.57,28580,26954.09,27426.46,27007.521376553275,110602.92264,48,48
1696377600,27426.45,28295,27175.94,27931.09,27095.48029307201,98480.88096,49,49
1696636800,27931.1,28095.14,27260,27590.12,27142.588836588962,64577.15385,49,49
1696896000,27590.12,27735,26538.66,26759.63,27106.11656643763,83554.93201,50,50
1697155200,26759.63,27293.33,26685,27154.15,27110.691179157857,49807.71245,44,44
1697414400,27154.14,30000,27112.66,28320,27225.86344780949,148990.14568,47,47
1697673600,28320,30379.99,28100.66,29909.8,27481.476452780014,122835.11996,52,52
1697932800,29909.8,35280,29640,33922.73,28094.92917156287,231631.21227,53,53
1698192000,33922.73,35132.85,33390.95,33892.02,28647.033059985453,126962.0889,72,72
1698451200,33892.01,34856,33860,34474.73,29202.051816177314,71223.61296,65,65
1698710400,34474.74,35984.99,34025,34941.59,29748.674500350902,134226.75719,66,66
1698969600,34941.58,35380,34120,35011.88,30249.93216698415,81977.49565,65,65
1699228800,35011.89,36106,34523.06,35624.72,30761.81672250947,94436.54915,74,74
1699488000,35624.72,37972.24,35534.05,37130,31368.31036798476,148936.91018,69,69
1699747200,37129.99,37417.99,34800,35551.19,31766.679856748116,95989.05542,73,73
1700006400,35551.2,37980,35360,36613.92,32228.321775153057,139343.14063,60,60
1700265600,36613.91,37750,36178.58,37448.78,32725.508272757528,74371.29125,69,69
1700524800,37448.79,37861.1,35632.01,37294.28,33160.62938963776,116525.78383,71,71
1700784000,37294.27,38414,37150,37447.43,33568.89611443417,77341.48833,66,66
1701043200,37447.42,38450,36707,37854.64,33977.06219877377,100539.7315,66,66
1701302400,37854.65,39717.14,37500,39450.35,34498.32770365246,94852.87632,74,74
1701561600,39450.35,44488,39274.86,44073.32,35410.23173187603,173473.73038,73,73
1701820800,44073.82,44700,42821.1,44170.99,36244.58966217355,141434.74893,72,72
1702080000,44171,44358.02,40222,41253.4,36721.61921815702,120546.4857,73,73
1702339200,41253.41,43475.2,40555,43022.26,37321.68024499921,130635.75255,67,67
1702598400,43022.26,43080.81,41252,41374.65,37707.67736452309,85262.76519,70,70
1702857600,41374.64,44283,40542.93,43668.93,38275.41571075899,136372.25164,65,65
1703116800,43668.92,44398.26,43286.72,43702.16,38792.24850021052,83964.61952,70,70
1703376000,43702.15,43946,41637.6,42508.93,39146.218166857136,93175.6177,71,71
1703635200,42508.93,43787.57,41300,42066.95,39424.38310334693,113938.92533,73,73
1703894400,42066.94,42899,41520.3,42283.58,39696.68756969484,46492.49421,68,68
1704067200,42283.58,45879.63,40750,42845.23,39996.548753533425,173515.25737,65,65
1704326400,42845.23,44729.58,42450,43968.32,40374.81268176834,113948.37805,68,68
1704585600,43968.32,47972,43175,46110,40921.0209977904,165766.09286,71,71
1704844800,46110,48969.48,41500,42782.73,41098.32661704846,263709.6787,73,73
1705104000,42782.74,43400.43,41718.05,42511.1,41232.87646304384,104616.77661,64,64
1705363200,42511.1,43578.01,40683.28,41327.5,41241.88822846823,122219.47618,64,64
1705622400,41327.51,42196.86,40280,41580.33,41274.12077813793,75996.90353,51,51
1705881600,41580.32,41689.65,38555,40084.88,41160.8597516486,152676.66123,55,55
1706140800,40084.89,42246.82,39550,42120.63,41252.266441967775,94631.50246,52,52
1706400000,42120.63,43882.36,41620.81,42941.1,41413.10773320894,96456.98591,54,54
1706659200,42941.1,43745.11,41884.28,43200,41583.28794909381,104774.3277,60,60
1706918400,43199.99,43569.76,42222,42708.7,41690.47004918011,58568.06307,60,60
1707177600,42708.7,45614.3,42574,45288.65,42033.1538540201,104508.07579,64,64
1707436800,45288.66,48592.66,45242.12,48299.99,42629.995391732475,128264.64873,72,72
1707696000,48300,52043.71,47710.01,51795.17,43502.86916394843,171607.90812,70,70
1707955200,51795.17,52816.62,50625,51642.64,44278.08543404858,117262.28995,72,72
1708214400,51642.64,52985,50760.37,52258.82,45038.15539271062,101141.57113,72,72
1708473600,52258.82,52366.8,50521,50744.15,45581.5834505477,108934.64167,78,78
1708732800,50744.15,54910,50585,54476.47,46428.71550287649,86538.77468,72,72
1708992000,54476.48,64000,54450.13,61130.98,47828.931169269206,264383.53149,79,79
1709251200,61130.99,63231.88,60777,63113.97,49284.649153148326,102267.58035,80,80
1709510400,63113.97,69000,59005,66074.04,50883.63875761039,296270.79626,82,82
1709769600,66074.04,69990,65551,68313.27,52543.60363783797,147194.717172,82,82
1710028800,68313.28,73000,67024.96,71452.01,54344.40424375817,182481.040767,79,79
1710288000,71452,73777,65600,69499.85,55787.78003006691,227751.375853,81,81
1710547200,69499.84,70043,64533,67609.99,56913.70478910816,161360.25013,81,81
1710806400,67610,68240.47,60775,65501.27,57731.568142526434,244783.39081,79,79
1711065600,65501.28,67628.69,62260,67209.99,58634.27498609535,109288.27245,75,75
1711324800,67210,71769.54,66385.06,69469.99,59666.24784456246,141484.88588,75,75
1711584000,69469.99,71552.06,68903.62,69582.18,60610.62233555651,74528.72734,80,80
1711843200,69582.17,71366,64550,65463.99,61072.847827408266,132641.49265,75,75
1712102400,65463.99,69309.91,64493.07,67820.62,61715.49279622653,119312.93304,71,71
1712361600,67820.63,72797.99,67447.83,71620,62658.77919658591,87392.90976,75,75
1712620800,71620,71758.19,67518,70006.23,63358.536415958675,113217.18214,80,80
1712880000,70006.22,71227.46,60660.57,65661.84,63577.89866205785,189067.26066,79,79
1713139200,65661.85,66867.07,59678.16,61277.37,63358.80069424282,156435.36909,74,74
1713398400,61277.38,65450,59600.01,64940.59,63509.44729479112,136513.34164,57,57
1713657600,64940.58,67232.35,64237.5,66414,63786.07136195387,73314.31527,72,72
1713916800,66414,67070.43,62794,63770.01,63784.54170843446,92022.35321,72,72
1714176000,63770,64370,61765.53,63866,63792.29964096451,66032.49004,67,67
1714435200,63866,64734,56552.82,59060.61,63341.66253230123,183697.94319,67,67
1714694400,59060.6,64646,58811.32,64012,63405.50419589158,86523.84454,48,48
1714953600,64012,65500,60888,61193.03,63194.79236771143,86394.90425,71,71
1715212800,61193.03,63469.13,60187.12,60825.99,62969.192142215106,80564.71571,55,55
1715472000,60825.99,63450,60610,61577.49,62836.649081051764,74575.27116,56,56
1715731200,61577.49,67451.2,61319.47,67024,63235.44440666588,100958.34838,64,64
1715990400,67024,71515.56,65857.25,71446.62,64017.46112984056,83283.26293,73,73
1716249600,71446.62,71979,66312.16,67969.65,64393.86006985574,117793.7876,76,76
1716508800,67969.66,69610,66600.12,68507.67,64785.651491774246,52098.34879,74,74
1716768000,68507.67,70687.56,67124.65,67652.42,65058.67706398622,78919.72928,74,74
1717027200,67652.41,69500,66670,67766.85,65316.59829598753,64006.20157,73,73
1717286400,67766.84,71063.45,67257.47,70537.84,65813.8594106554,74679.48418,73,73
1717545600,70537.83,71997.02,68420,69355.6,66151.16803821202,86143.63576,75,75
1717804800,69355.6,70195.94,69130.24,69540,66473.91393933468,36787.06617,72,72
1718064000,69540,69999,66051,66773.01,66502.39927844566,107690.89515,74,74
1718323200,66773.01,67370.24,65078,66676.87,66519.01553764132,49252.51262,74,74
1718582400,66676.86,67298.81,64060,64974.37,66371.90643881833,89797.06671,71,71
1718841600,64974.37,66482.94,63379.35,64262.01,66170.96392083564,57567.81015,60,60
1719100800,64262.01,64521,58402,61806.01,65755.25402361319,91575.05222,55,55
1719360000,61806.01,62487.81,60063,60427.84,65247.88125945955,65651.14349,46,46
1719619200,60427.84,63861.76,60383.77,62899.99,65024.27256808245,53382.96578,30,30
1719878400,62900,63288.83,56771,57050.01,64264.818990169835,105302.00278,51,51
1720137600,57050.02,58475,53485.93,55857.81,63464.15146729652,122118.50232,29,29
1720396800,55857.81,59470,54260.16,57725.85,62917.64656564923,100774.15077,28,28
1720656000,57725.85,59850,56542.47,59204.02,62563.967845111205,68771.25944,29,29
1720915200,59204.01,65388.97,59194.01,65043.99,62800.16043129109,102399.84642,33,33
1721174400,65044,67386,63238.48,66660,63167.76419973956,87770.97943,69,69
1721433600,66660.01,68474.55,65777,67532.01,63583.406656907224,57657.07928,74,74
1721692800,67532,67750.98,63456.7,65799.95,63794.50602291606,89615.14527,71,71
1721952000,65799.95,69399.99,65722.63,68249.88,64218.82735406691,66823.27338,68,68
1722211200,68249.88,70079.99,64530,64628,64257.79617748911,82224.98979,74,74
1722470400,64628.01,65659.78,59850,60697.99,63918.76701772824,102397.41358,52,52
1722729600,60697.99,61117.63,49000,56022.01,63166.69492080174,249566.88865,34,34
1722988800,56022,62745.14,54558.62,60837.99,62944.913499773,123591.3865,29,29
1723248000,60837.99,61858,57642.21,59346.64,62602.22078550891,66194.96876,40,40
1723507200,59346.64,61800,56078.54,57541.06,62120.205472603295,93967.89799,31,31
1723766400,57541.05,60284.99,57098.62,58427.35,61768.50495140298,48967.42992,27,27
1724025600,58427.35,61820.93,57787.3,61156.03,61710.17400365032,82270.40019,28,28
1724284800,61156.03,64955,59724.87,64157.01,61943.20600330267,75216.43293,39,39
1724544000,64157.02,65000,58034.01,59415,61702.42447917861,66911.47431,54,54
1724803200,59415,61166.99,57701.1,59123.99,61456.85929068541,92408.77213,30,30
1725062400,59123.99,59462.38,57128,59132.13,61235.45650109632,52398.58102,29,29
1725321600,59132.12,59809.65,55606,56180,60753.98445337286,86195.92006,26,26
1725580800,56180,57008,52550,54869.95,60193.600219718304,87415.96379,22,22
1725840000,54869.95,58088,54591.96,57338,59921.63829403085,89037.8662,26,26
1726099200,57338,60625,57324,59993.03,59928.43750412315,73037.54865,31,31
1726358400,59993.02,61320,57493.3,60313.99,59965.15678944475,73351.74659,51,51
1726617600,60313.99,64133.32,59174.8,63201.05,60273.337095211915,95885.92871,45,45
1726876800,63201.05,64745.88,62357.93,63339.99,60565.3992766203,46695.59787,54,54
1727136000,63339.99,65839,62670,65173.99,61004.31267884694,69371.4652,54,54
1727395200,65173.99,66498,64819.9,65602.01,61442.18861419485,39513.77914,61,61
1727654400,65602.01,65618.8,60000,60649.28,61366.673508081054,105217.26978,61,61
1727913600,60649.27,62484.85,59828.11,62058,61432.51412635905,55323.55607,37,37
1728172800,62058.01,64478.19,61798.97,62160.49,61501.8451619439,54575.27068,50,50
1728432000,62160.5,63417.56,58946,62540,61600.717051282576,67620.43374,49,49
1728691200,62539.99,66500,62050,66083.99,62027.6954273509,60490.47333,49,49
1728950400,66084,68424,64800.01,67421.78,62541.4177676032,98950.43828,65,65
1729209600,67421.78,69400,67192.36,69031.99,63159.56750402194,49361.77615,73,73
1729468800,69032,69519.52,65260,66668.65,63493.765836972234,81503.62522,72,72
1729728000,66668.65,68850,65596.29,67092.76,63836.52718583202,68912.45772,69,69
1729987200,67092.76,73620.12,66913.73,72736.42,64684.13602527659,87828.55645,74,74
1730246400,72736.41,72961,68820.14,69496.01,65142.40973715501,94539.96108,77,77
1730505600,69496,69914.37,66835,67850.01,65400.27642885453,65317.76673,72,72
1730764800,67850.01,76849.99,67476.63,75857.89,66396.23962610649,182351.486012,70,70
1731024000,75857.89,81500,75555,80370.01,67727.07489981063,115293.279168,75,75
1731283200,80370.01,93265.64,80216.01,90375.2,69884.03919506675,266387.407814,76,76
1731542400,90375.21,91850,86668.21,90586.92,71855.74212886993,127375.33843,88,88
1731801600,90587.98,93905.51,88722,92310.79,73803.84192612041,114072.63739,90,90
1732060800,92310.8,99588.01,91500,98892,76193.19031410894,157620.868432,83,83
1732320000,98892,98908.85,92600.19,93010.01,77794.7921889557,106806.27301,93,93
1732579200,93010.01,97208.21,90791.1,95643.98,79494.71483762658,127826.70229,79,79
1732838400,95643.99,98619.99,95364.99,97185.18,81179.52104356691,59144.21989,78,78
1733097600,97185.17,99000,93578.17,98587.32,82837.4066584653,117636.52992,80,80
1733356800,98587.32,104088,90500,99831.99,84455.93840527814,169903.208662,84,84
1733616000,99831.99,101351,94150.05,96593,85611.8490333469,120270.80216,79,79
1733875200,96593,102540,95658.24,101424.25,87117.79198255195,88889.90959,74,74
1734134400,101424.24,107793.07,100609.41,106058.66,88921.68417468986,77723.027775,83,83
1734393600,106058.65,108353,95700,97461.86,89735.03425329083,134520.332016,87,87
1734652800,97461.86,99540.61,92232.54,95186.27,90254.19956250122,105721.50749,74,74
1734912000,95186.28,99569.15,92520,99429.6,91128.04722321538,70959.15701,70,70
1735171200,99429.61,99963.7,93500.01,95300,91525.37605909964,56079.52446,79,79
1735430400,95300,96250,91530.45,93576,91720.67357728063,60807.46217,73,73
1735689600,93576,98976.91,92888,98174.18,92335.29323658724,47597.64497,66,66
1735948800,98174.17,102480,97276.79,102235.6,93278.1795950075,42349.12749,73,73
1736208000,102235.6,102724.38,91203.67,92552.49,93209.06630024489,100309.39116,78,78
1736467200,92552.49,95836,92206.02,94545.06,93336.30379545965,47137.63476,50,50
1736726400,94545.07,100681.94,89256.69,100497.35,94018.30819589207,100976.17355,61,61
1736985600,100497.35,105865.22,97335.13,104556.23,95021.9197962833,91312.53607,75,75
1737244800,104556.23,109588,99550,106143.82,96081.14838711346,178867.534732,77,77
1737504000,106143.82,107120,101262.28,104870.5,96918.22949310266,99811.05302,84,84
1737763200,104870.51,105500,97777.77,102082.83,97410.09620804526,69638.97025,75,75
1738022400,102082.83,106457.44,100272.68,104722.94,98106.55752156476,64551.49039,72,72
1738281600,104722.94,106012,96150,97700.59,98067.89394808239,68893.63879,76,76
1738540800,97700.59,102500.01,91231,96612.43,97929.27833397931,141666.02991,44,44
1738800000,96612.44,100137.99,95620.34,96444.74,97787.89373074319,65456.66764,49,49
1739059200,96444.75,98478.42,94713,95778.2,97596.49432781526,53341.55529,46,46
1739318400,95778.21,98826,94088.23,97500.48,97587.35010611857,67245.96887,46,46
1739577600,97500.47,97972.26,95205,95780,97415.22152458347,32032.84683,50,50
1739836800,95780.01,98711.36,93388.09,98305,97499.962331766,56864.09602,47,47
1740096000,98305.01,99475,94871.95,96258,97381.68020493114,54402.30761,55,55
1740355200,96258,96500,82256.01,84250.09,96131.05256636627,166776.75819,49,49
1740614400,84250.09,87078.46,78258.52,86064.53,95172.33613147425,151938.54872,10,10
1740873600,86064.54,95000,81500,87281.98,94420.87364276241,169669.29969,26,26
1741132800,87281.98,92810.64,84667.03,86801.75,93695.24281964218,130586.81778,20,20
1741392000,86801.74,86897.25,77459.91,78595.86,92257.20636062864,86738.00804,28,28
1741651200,78595.86,84539.85,76606,81115.78,91196.11813580686,108250.32865,24,24
1741910400,81115.78,85309.71,80818.84,82574.53,90375.01450382525,55779.38606,27,27
1742169600,82574.52,87000,81134.66,86845.94,90038.91217012762,62976.69615,32,32
1742428800,86845.93,87453.67,83175.25,83840.59,89448.5957729726,39467.52145,49,49
1742688000,83840.59,88765.43,83809.75,87392.87,89252.81236602283,61220.94909,30,30
1742947200,87392.88,88275,83585,84424.38,88792.96166449685,62689.55551,47,47
1743206400,84424.38,84624.73,81278.52,82550.01,88198.39483930667,42130.03257,26,26
1743465600,82550,88500,81211.24,83213.09,87723.60390222984,87459.69532,34,34
1743724800,83213.09,84720,77153.83,78430,86838.49876868413,70218.6588,28,28
1743984000,78430,83588,74508,82615.22,86436.28174309517,189193.13924,23,23
1744243200,82615.22,85905,78464.36,85276.9,86325.86443422896,86190.98952,39,39
1744502400,85276.91,86496.42,83034.23,83643.99,86070.44782144525,74250.13057,45,45
1744761600,83643.99,85500,83111.64,84474.69,85918.47088606951,41126.05606,29,29
1745020800,84474.7,88465.99,83949.52,87516.23,86070.63842072956,49531.6314,32,32
1745280000,87516.22,94696.05,87076.03,93980.47,86823.95571399342,90773.97584,47,47
1745539200,93980.47,95758.04,92855.96,93749.3,87483.5123126607,48078.57623,60,60
1745798400,93749.29,95630,92800.01,94172,88120.51114002636,56774.14881,54,54
1746057600,94172,97895.68,94130.43,95856.42,88857.26436478575,46009.54992,53,53
1746316800,95856.42,96920.65,93377,96834.02,89616.9553776633,44410.21044,64,64
1746576000,96834.02,104361.3,95784.61,102971.99,90888.86343693346,79224.26608,67,67
1746835200,102971.99,105819.45,100718.37,102791.32,92022.43072865409,64584.686,70,70
1747094400,102791.32,104976.25,101383.07,103763.71,93140.6478021156,55705.31823,70,70
1747353600,103763.71,106660,102612.5,106454.26,94408.61086858078,48534.76372,71,71
1747612800,106454.27,110797.38,102000,109643.99,95859.59935728737,99496.558335,74,74
1747872000,109643.99,111980,106800,107761.91,96993.15275183143,80151.02751,72,72
1748131200,107761.9,110718,106600.64,108938.17,98130.7734421332,53635.81923,74,74
1748390400,108938.17,109284.7,103621,103985.48,98688.36454288242,59174.98744,71,71
1748649600,103985.47,105935.63,103068.55,105857.99,99371.18601498887,34453.04741,50,50
1748908800,105858,106794.67,100372.26,101508.68,99574.75687070421,49615.9227,64,64
1749168000,101508.69,106488.14,101095.8,105734,100161.35145444666,32232.06896,45,45
1749427200,105734.01,110530.17,105318.37,108645.12,100969.32941116602,50163.11928,62,62
1749686400,108645.13,108813.55,102664.31,105414.64,101392.6923243883,52758.42921,71,71
1749945600,105414.63,108952.38,103371.02,104551.17,101693.49972206561,39953.19612,60,60
1750204800,104551.17,106524.65,102345,103297.99,101846.30831996413,38066.31187,52,52
1750464000,103297.98,106074.2,98200,105333.93,102178.46276568183,67567.13013,49,49
1750723200,105333.94,108272.45,104622.02,106947.06,102632.61488323595,41926.12165,65,65
1750982400,106947.06,108528.5,106356.76,108356.93,103177.78775149919,22346.35034,65,65
1751241600,108356.93,109730,105100.19,108849.6,103717.9603465945,37951.6452,66,66
1751500800,108849.59,110529.18,107245,108198.12,104144.6422183474,28577.9241,73,73
1751760000,108198.12,109700,107429.57,108922.98,104599.72200707623,25069.00381,66,66
1752019200,108922.99,118869.98,108324.53,117527.66,105830.95419687849,68039.258313,66,66
1752278400,117527.66,123218,116900.05,119841.18,107165.2614162234,45266.746194,79,79
1752537600,119841.17,120998.71,115736.92,119177.56,108309.28985277355,64786.94585,73,73
1752796800,119177.56,120820.71,116467.02,117265.12,109162.22605727131,39523.39461,73,73
1753056000,117265.11,120247.8,116128,118755.99,110075.91786134071,52625.21184,71,71
1753315200,118756,119450,114723.16,117919.99,110822.97235073683,61204.91122,71,71
1753574400,117919.99,119800,116950.75,117950.76,111501.80926971427,38427.99118,73,73
1753833600,117950.75,118922.45,112722.58,113297.93,111672.86838688434,57083.84567,74,74
1754092800,113297.92,115720,111920,115055.03,111994.97901670488,28572.7739,55,55
1754352000,115055.03,117621,112650,117472.01,112516.60101511393,35272.50659,60,60
1754611200,117472.02,119311.11,115878.71,119294.01,113162.06853748404,33882.21495,74,74
1754870400,119294.27,123667.79,118050.11,123306.43,114128.1982005808,66424.51424,70,70
1755129600,123306.44,124474,116803.99,117380.66,114437.95646719215,47997.967496,75,75
1755388800,117380.66,118575,112732.58,112872.94,114288.90727984053,41710.0557,64,64
1755648000,112872.95,117429.05,111684.79,116935.99,114541.01039604619,49604.12466,44,44
1755907200,116936,117030,109274.1,110111.98,114119.19797737512,57688.14038,60,60
1756166400,110111.98,113485.9,108666.66,112566.9,113971.36007476797,42949.32496,48,48
1756425600,112566.9,112638.64,107350.1,108246.35,113426.12102002816,42778.218,50,50
1756684800,108246.36,112575.27,107255,111705.71,113262.27235145406,46337.61059,46,46
1756944000,111705.72,113384.62,109329.12,110187.97,112969.48165131557,38790.84321,51,51
1757203200,110187.98,113293.29,110180,111546.39,112833.94911309503,32642.98403,44,44
1757462400,111546.38,116665.63,110917.45,116029.42,113138.27967375265,46518.25661,49,49
1757721600,116029.41,116757.99,114384,115349.71,113348.89208577621,28189.5174,52,52
1757980800,115349.71,117900,114720.81,117073.53,113703.61950617848,39338.38845,52,52
1758240000,117073.53,117459.99,115100,115232.29,113849.20717225672,18178.54036,53,53
1758499200,115232.29,115379.25,111042.66,113307,113797.56839394655,45452.29353,45,45
1758758400,113307.01,113510.23,108620.07,109635.85,113401.21426118974,40975.95191,44,44
1759017600,109635.85,114792,109189.99,114048.93,113462.90147440977,38127.60798,37,37
1759276800,114048.94,123894.99,113966.67,122232,114298.05371494217,63643.55819,49,49
1759536000,122232.21,126199.63,121510,124658.54,115284.76669447149,49745.893126,71,71
1759795200,124658.54,125126,119651.47,121662.4,115892.16034261706,60205.97192,70,70
1760054400,121662.41,122550,102000,114958.8,115803.26888141544,131875.75851,64,64
1760313600,114958.81,115963.81,109866,110763.28,115323.26994032826,77414.05818,38,38
1760572800,110763.28,111982.45,103528.23,107185.01,114548.1975650589,78901.02856,28,28
1760832000,107185,114000,106103.36,108297.67,113952.90922552948,71902.96436,29,29
1761091200,108297.66,112104.98,106666.69,111004.89,113672.14548976476,61189.04658,25,25
1761350400,111004.9,116400,110672.86,114107.65,113713.62210978716,41312.67842,37,37
1761609600,114107.65,116086,106304.34,108322.88,113200.21809933124,62591.96471,50,50
1761868800,108322.87,111250.01,108275.28,110540.68,112946.92875653779,41003.70957,29,29
1762128000,110540.69,110750,98944.36,103885.16,112083.90316067704,112994.83726,42,42
1762387200,103885.16,104200,99260.86,102312.94,111153.33524061256,70264.91066,27,27
1762646400,102312.95,107500,101400,103058.99,110382.44521769708,63217.73487,22,22
1762905600,103059,105333.33,94012.45,94594,108878.78376839259,103991.92503,24,24
1763164800,94594,96846.68,93600,93678.21,107431.11007616472,33981.14159,10,10